ID,RA,DEC,z_spec,mag444,n_exp_example
1085759,189.08545,62.210587,1.3338,20.762,8
1092823,189.12662,62.20238,0.457,20.756,8
1092837,189.1435,62.20357,0.4575,18.234,2
1092885,189.08977,62.207478,0.398,19.926,8
1092912,189.0924,62.210384,0.6319,20.56,8
1092955,189.1177,62.21046,0.5176,21.07,8
1092970,189.0928,62.211582,0.458,20.273,8
1092999,189.11092,62.214455,0.5565,20.522,8
1093030,189.11382,62.216072,1.2226,20.795,8